,CPU,MEMORY,RAM,DISK
0,0.0103070205078,0.0179998092353,2.44970651693e-05,0.0
1,0.008131172508,0.131218791008,4.47337697551e-05,0.0
2,0.000169546590769,0.1312199682,3.40828737535e-05,0.0
3,9.18377409107e-05,0.131217107177,2.98225131701e-05,0.0
4,0.0,0.131214439869,2.98225131701e-05,0.0
5,0.0,0.131213858724,2.98225131701e-05,0.0
6,9.18377409107e-05,0.185603648424,3.40828737535e-05,0.0
7,0.000522768707015,0.18560308218,3.72461909137e-05,0.0
8,0.000268448784482,0.185604020953,3.51373128069e-05,0.0
9,0.00105966627598,0.185603499413,3.40828737535e-05,0.0
10,0.00582816451788,0.185636371374,3.83006263291e-05,0.0
11,0.014135947451,0.185694754124,4.47337697551e-05,0.0
12,0.0142348492518,0.185750111938,3.51479611709e-05,0.0
13,0.000176611036295,0.127913787961,3.08663002215e-05,0.0
14,8.47732953844e-05,0.185750037432,3.51479611709e-05,0.0
15,0.000176611036295,0.185749366879,3.51479611709e-05,0.0
16,0.00679599260911,0.185774326324,4.14745954913e-05,0.0
17,0.0238495543599,0.185982137918,4.78331821796e-05,0.0
18,0.116429060698,0.186730384827,9.79882606771e-05,0.0
19,0.122617520392,0.187098771334,0.000128066385514,0.0
20,0.130699232221,0.188030391932,9.13207913982e-05,0.0
21,0.129780858755,0.189043536782,9.14486081456e-05,0.0
22,0.154167309403,0.19022218883,9.89042382571e-05,0.0
23,0.189602553844,0.190804451704,0.000134701898787,0.0
24,0.187250092626,0.191411361098,0.000137140945299,0.0
25,0.195451915264,0.192418888211,0.000112697147415,0.0
26,0.189574301243,0.194340854883,0.000134084155434,0.0
27,0.178377151489,0.194621354342,9.90533517324e-05,0.0
28,0.127972349524,0.194833755493,0.000101183526567,0.0
29,0.110438413918,0.195156410336,0.000110662826046,0.0
30,0.14353531599,0.195748761296,0.000111727917101,0.0
31,0.135199293494,0.196649700403,0.000108639156679,0.0
32,0.111194305122,0.196934908628,0.000105390630779,0.0
33,0.125075936317,0.19752779603,0.000136224974995,0.0
34,0.159225448966,0.197963744402,0.000134137400892,0.0
35,0.157148495317,0.19837513566,0.000117149218568,0.0
36,0.142016470432,0.199137464166,0.000132071130793,0.0
37,0.141415983438,0.199855268002,0.00014051728067,0.0
38,0.118922807276,0.199912250042,0.000109704247734,0.0
39,0.101600803435,0.200835987926,0.000120355143736,0.0
40,0.0944303870201,0.201248526573,0.000111834422569,0.0
41,0.0759427472949,0.201524630189,0.000112856912892,0.0
42,0.116909451783,0.20337587595,0.000145491270814,0.0
43,0.119311355054,0.204337969422,0.000117159877846,0.0
44,0.147653892636,0.205158472061,0.000126745682792,0.0
45,0.129236891866,0.205807283521,0.000124540951219,0.0
46,0.131398618221,0.206792414188,0.000125627339003,0.0
47,0.130021050572,0.207552090287,0.00014778120385,0.0
48,0.127491980791,0.207810804248,0.00011609478679,0.0
49,0.100936748087,0.207935392857,0.000107574065623,0.0
50,0.100548200309,0.208293810487,0.000131911365315,0.0
51,0.135941043496,0.208821713924,0.000147791855852,0.0
52,0.147335991263,0.208921477199,0.000128780011437,0.0
53,0.132020294666,0.209403246641,0.000125637991005,0.0
54,0.136831179261,0.210006207228,0.000129845095216,0.0
55,0.132105052471,0.210534259677,0.000130888874992,0.0
56,0.10726647824,0.210667908192,0.000125648643007,0.0
57,0.114670023322,0.210752502084,0.000140336225741,0.0
58,0.100717753172,0.211121708155,0.000111834422569,0.0
59,0.0850205570459,0.211428523064,0.000118203664897,0.0
60,0.127534359694,0.211650550365,0.000163842763868,0.0
61,0.151327416301,0.212135970592,0.000152190681547,0.0
62,0.160157963634,0.212364301085,0.000146748061525,0.0
63,0.160984501243,0.212963998318,0.000156387133757,0.0
64,0.158660292625,0.213738709688,0.000158464055858,0.0
65,0.153439670801,0.214218512177,0.000172278276295,0.0
66,0.0974115878344,0.149054378271,0.000108447442472,0.0
67,0.171362161636,0.214611202478,0.000174483007868,0.0
68,0.177218586206,0.215600594878,0.00017667710199,0.0
69,0.178165212274,0.216410219669,0.000178540998604,0.0
70,0.166883304715,0.217465683818,0.000195795451873,0.0
71,0.123557083309,0.153565913439,0.000152169362991,0.0
72,0.177049025893,0.218688935041,0.000195635686396,0.0
73,0.185808941722,0.218946799636,0.000202228591661,0.0
74,0.184466689825,0.219726979733,0.000213635707041,0.0
75,0.180376395583,0.220977053046,0.000220260568312,0.0
76,0.176413238049,0.221810400486,0.000208757599466,0.0
77,0.175395950675,0.223067611456,0.000207298420719,0.0
78,0.178186401725,0.223847582936,0.000204390715226,0.0
79,0.17741638422,0.224565863609,0.00020109959587,0.0
80,0.173601597548,0.22539961338,0.000217959968722,0.0
81,0.173234239221,0.226210400462,0.000210685408092,0.0
82,0.170987740159,0.226988464594,0.00025523811928,0.0
83,0.173742875457,0.227937430143,0.000244757626206,0.0
84,0.174166738987,0.228512704372,0.000220154048293,0.0
85,0.170578017831,0.229197055101,0.000269276002655,0.0
86,0.176561579108,0.230049073696,0.000259551714407,0.0
87,0.174632996321,0.230771929026,0.000256516213994,0.0
88,0.171835482121,0.232050701976,0.000260776578216,0.0
89,0.164672136307,0.233331859112,0.000235193132539,0.0
90,0.165795385838,0.233826622367,0.000258710293565,0.0
91,0.167589738965,0.234625801444,0.000239368280745,0.0
92,0.166424110532,0.23583111167,0.000236354069784,0.0
93,0.162256091833,0.236838921905,0.00023218957358,0.0
94,0.159741148353,0.237663164735,0.000240262947045,0.0
95,0.158886358142,0.238294288516,0.000251116231084,0.0
96,0.15592636168,0.23922739923,0.000253257050645,0.0
97,0.159479767084,0.239684805274,0.000263780122623,0.0
98,0.112317562103,0.163943305612,0.000180777686182,0.0
99,0.168635293841,0.241155773401,0.00025791148073,0.0
100,0.165103062987,0.242219865322,0.000232125661569,0.0
101,0.164827555418,0.242708235979,0.000233030979871,0.0
102,0.160165026784,0.243417993188,0.000220313828322,0.0
103,0.151857241988,0.243811368942,0.000213976527448,0.0
104,0.119925960898,0.243992879987,0.00020434812177,0.0
105,0.0965002775192,0.244268327951,0.000207617937122,0.0
106,0.126714885235,0.244685292244,0.000224648727453,0.0
107,0.147590309381,0.245064944029,0.000220420319238,0.0
108,0.147032231092,0.24554553628,0.000208640427445,0.0
109,0.1555095613,0.246120512486,0.000250146986218,0.0
110,0.150585636497,0.246840804815,0.00025743219885,0.0
111,0.165597572923,0.225244551897,0.000227929209359,0.0
112,0.159995466471,0.247447013855,0.00025334226666,0.0
113,0.147971794009,0.248023480177,0.000237195490627,0.0
114,0.121105715632,0.248402237892,0.000220399015234,0.0
115,0.129766732454,0.248823940754,0.000225586016313,0.0
116,0.125160709023,0.248904645443,0.000227748139878,0.0
117,0.131419807673,0.249252974987,0.000250115030212,0.0
118,0.141698569059,0.249946579337,0.000253491365584,0.0
119,0.149186879396,0.250386476517,0.000263535155682,0.0
120,0.156378477812,0.250800102949,0.000250083074206,0.0
121,0.163238063455,0.251264452934,0.000233073602431,0.0
122,0.14491289854,0.251592338085,0.00023325465736,0.0
123,0.125478610396,0.252200871706,0.00023320139735,0.0
124,0.117227345705,0.252348691225,0.000249965931289,0.0
125,0.135404154658,0.252831846476,0.00023413868621,0.0
126,0.125556319952,0.253375709057,0.000230762350839,0.0
127,0.150868207216,0.253836899996,0.000228941047681,0.0
128,0.157289788127,0.254518568516,0.00024141324684,0.0
129,0.11436624825,0.173911944032,0.000157633287017,0.0
130,0.154598236084,0.255464434624,0.000235193132539,0.0
131,0.141345351934,0.25629734993,0.000256462953985,0.0
132,0.138385340571,0.25675535202,0.000246706738835,0.0
133,0.125075936317,0.257133215666,0.000223594281124,0.0
134,0.101883381605,0.257540345192,0.000205562319024,0.0
135,0.0993189811707,0.257897824049,0.000219184817979,0.0
136,0.129738464952,0.258359789848,0.000230964724324,0.0
137,0.159119486809,0.258946210146,0.000248080701567,0.0
138,0.160504117608,0.259410351515,0.000270010903478,0.0
139,0.150945916772,0.259870111942,0.000255546969129,0.0
140,0.149405881763,0.260094165802,0.000218130386202,0.0
141,0.145442724228,0.260943263769,0.0002213682601,0.0
142,0.133094072342,0.261619776487,0.000218258195673,0.0
143,0.127046912909,0.261338084936,0.000226565898629,0.0
144,0.121607296169,0.26196077466,0.000215148131247,0.0
145,0.144750401378,0.262394726276,0.00025932805147,0.0
146,0.143167972565,0.263292551041,0.000271597877145,0.0
147,0.143401101232,0.263980984688,0.000230879508308,0.0
148,0.153128832579,0.264315217733,0.000234319755691,0.0
149,0.153566837311,0.264660745859,0.000226778909564,0.0
150,0.136944204569,0.265053838491,0.000243799047894,0.0
151,0.144715085626,0.265485137701,0.000238239270402,0.0
152,0.133489698172,0.265958577394,0.000231976548093,0.0
153,0.139840617776,0.266450792551,0.000274399091722,0.0
154,0.125577509403,0.266724616289,0.000227929209359,0.0
155,0.135163962841,0.267073750496,0.000220345769776,0.0
156,0.123422861099,0.267698228359,0.000210781261558,0.0
157,0.132832691073,0.268123298883,0.000241626257775,0.0
158,0.153114706278,0.268325060606,0.000256644038018,0.0
159,0.145704105496,0.268871635199,0.000229846380535,0.0
160,0.135884538293,0.269384026527,0.000263662979705,0.0
161,0.116542093456,0.26976582408,0.000253491365584,0.0
162,0.11283326149,0.270122438669,0.000251137505984,0.0
163,0.127089306712,0.270664870739,0.000224488976528,0.0
164,0.127131700516,0.270770728588,0.000217278313357,0.0
165,0.142009407282,0.271227508783,0.000253406149568,0.0
166,0.144227638841,0.271875202656,0.000236215608311,0.0
167,0.137332737446,0.272404849529,0.000221538677579,0.0
168,0.136357858777,0.273024529219,0.000212836894207,0.0
169,0.135248735547,0.273271381855,0.000225735129789,0.0
170,0.13542534411,0.273911625147,0.000235246377997,0.0
171,0.15258488059,0.274364978075,0.000201206115889,0.0
172,0.141691505909,0.274704635143,0.000207692501135,0.0
173,0.167278915644,0.275473386049,0.000227577722399,0.0
174,0.164693325758,0.276299595833,0.000223668845138,0.0
175,0.179740577936,0.277000695467,0.000251190765994,0.0
176,0.17490144074,0.277772635221,0.000252277153777,0.0
177,0.174237385392,0.278302937746,0.000219323279453,0.0
178,0.184502035379,0.279127240181,0.000227875949349,0.0
179,0.192096307874,0.279599696398,0.000222465299885,0.0
180,0.193699926138,0.280266195536,0.000225788389798,0.0
181,0.190612763166,0.28061106801,0.000243745802436,0.0
182,0.188210859895,0.280953913927,0.000232093720115,0.0
183,0.181930571795,0.281061530113,0.000250051118201,0.0
184,0.186981633306,0.281463027,0.000222539863898,0.0
185,0.194816097617,0.281957507133,0.00023738721211,0.0
186,0.196221932769,0.282180964947,0.000209758785786,0.0
187,0.190994232893,0.282512456179,0.00024477893021,0.0
188,0.190217167139,0.28280287981,0.00024785703863,0.0
189,0.178687989712,0.283156663179,0.000263599067694,0.0
190,0.174308031797,0.283283859491,0.000225756433792,0.0
191,0.185858398676,0.283311039209,0.000218343397137,0.0
192,0.192138686776,0.283257126808,0.000210781261558,0.0
193,0.190224215388,0.283273160458,0.000229878321989,0.0
194,0.184756338596,0.28318798542,0.000218119719648,0.0
195,0.182191953063,0.283210486174,0.000212964689126,0.0
196,0.179853618145,0.283281832933,0.000260702014202,0.0
197,0.189164549112,0.283172160387,0.000225554060307,0.0
198,0.171623542905,0.28323328495,0.000209737481782,0.0
199,0.168529316783,0.283307254314,0.000232945792959,0.0
200,0.164552032948,0.283284395933,0.000240433364525,0.0
201,0.162432700396,0.283193707466,0.000255461782217,0.0
202,0.133701622486,0.283311665058,0.000243479531491,0.0
203,0.130056381226,0.283149182796,0.000221421505557,0.0
204,0.100230298936,0.282836854458,0.000208555225981,0.0
205,0.0803015083075,0.282889485359,0.0002065848239,0.0
206,0.0850064307451,0.283038645983,0.000226491334615,0.0
207,0.115821518004,0.283175081015,0.000225426236284,0.0
208,0.131836608052,0.283269882202,0.000271970668109,0.0
209,0.135269924998,0.283273458481,0.000232977734413,0.0
210,0.143690735102,0.283138751984,0.000228791934205,0.0
211,0.147222965956,0.283284395933,0.000221293710638,0.0
212,0.159451514482,0.283156126738,0.000217235719902,0.0
213,0.121013887227,0.283257603645,0.000240209687036,0.0
214,0.124369494617,0.283073544502,0.000240305540501,0.0
215,0.135474801064,0.283179998398,0.000241264133365,0.0
216,0.121381238103,0.283313304186,0.000213976527448,0.0
217,0.109315171838,0.283103644848,0.000199054629775,0.0
218,0.140504673123,0.28318336606,0.000242457026616,0.0
219,0.139190688729,0.283275932074,0.000224478309974,0.0
220,0.157431080937,0.283252745867,0.000285997899482,0.0
221,0.158589661121,0.283172756433,0.000276710314211,0.0
222,0.136746406555,0.282936602831,0.000243575384957,0.0
223,0.13194963336,0.283120900393,0.000228738674195,0.0
224,0.123316891491,0.28321313858,0.000219195469981,0.0
225,0.128304392099,0.283220678568,0.000216010856093,0.0
226,0.1408649683,0.28321146965,0.000284133973764,0.0
227,0.150762245059,0.283067107201,0.000224542236538,0.0
228,0.15133446455,0.283035099506,0.00026251267991,0.0
229,0.146325781941,0.283279716969,0.000263652327703,0.0
230,0.162362068892,0.28319644928,0.000221432157559,0.0
231,0.132161572576,0.282749205828,0.000239432178205,0.0
232,0.145018860698,0.283114224672,0.000227865311899,0.0
233,0.145393267274,0.283177703619,0.00024874106748,0.0
234,0.125782385468,0.28323751688,0.00026678366703,0.0
235,0.110304191709,0.283250629902,0.000243681875872,0.0
236,0.115729689598,0.283114850521,0.000210749305552,0.0
237,0.121409498155,0.283125042915,0.000209641613765,0.0
238,0.0975599437952,0.194849222898,0.000155449844897,0.0
239,0.164763972163,0.283288031816,0.000278744642856,0.0
240,0.163174465299,0.283223420382,0.000255312683294,0.0
241,0.163979813457,0.283006519079,0.000242744616116,0.0
242,0.148621723056,0.282945126295,0.00027628429234,0.0
243,0.137622386217,0.282954722643,0.000227780095884,0.0
244,0.118498951197,0.28299471736,0.000218130386202,0.0
245,0.123825535178,0.282977044582,0.000245854665991,0.0
246,0.144008651376,0.283104360104,0.000221336304094,0.0
247,0.148275569081,0.283043414354,0.000237131578615,0.0
248,0.130946487188,0.283230572939,0.00025293751969,0.0
249,0.151094287634,0.283277511597,0.000243905553361,0.0
250,0.164071664214,0.282909870148,0.000236226245761,0.0
251,0.151157855988,0.282933503389,0.000223466486204,0.0
252,0.140236228704,0.282958179712,0.000238580105361,0.0
253,0.13263489306,0.282947987318,0.000234948151046,0.0
254,0.122440904379,0.283301770687,0.00025842274772,0.0
255,0.129279285669,0.282839745283,0.00023183808662,0.0
256,0.0981957390904,0.194877892733,0.00017680489691,0.0
257,0.141776278615,0.282978951931,0.000225586016313,0.0
258,0.143309265375,0.283044487238,0.000237419168116,0.0
259,0.148275569081,0.283313065767,0.000258816813584,0.0
260,0.147441968322,0.28295147419,0.000256441679085,0.0
261,0.146318718791,0.282907664776,0.000238420354435,0.0
262,0.125210165977,0.282944351435,0.000242680704105,0.0
263,0.141776278615,0.283043950796,0.000223541050218,0.0
264,0.125520989299,0.283071428537,0.000230911464314,0.0
265,0.13235938549,0.282965809107,0.000255046412349,0.0
266,0.150514990091,0.283301770687,0.000242670052103,0.0
267,0.150197088718,0.283280014992,0.00024052921799,0.0
268,0.158589661121,0.28325933218,0.000274686637567,0.0
269,0.154153183103,0.283011883497,0.000242563546635,0.0
270,0.152620196342,0.283067941666,0.000226587202633,0.0
271,0.126630112529,0.283001899719,0.000239410874201,0.0
272,0.140222102404,0.283269584179,0.000257677165791,0.0
273,0.143733128905,0.283106744289,0.000227609678404,0.0
274,0.132627829909,0.282792389393,0.000259658234427,0.0
275,0.142489790916,0.261168688536,0.000203229777981,0.0
276,0.133835852146,0.283109456301,0.00021392328199,0.0
277,0.103027813137,0.283009886742,0.000225681869779,0.0
278,0.12957598269,0.283059209585,0.000253203790635,0.0
279,0.133489698172,0.2829605937,0.000241477158852,0.0
280,0.10933636874,0.283050596714,0.000236268868321,0.0
281,0.112027913332,0.283206284046,0.000243564718403,0.0
282,0.161832228303,0.283176898956,0.000246728042839,0.0
283,0.150182962418,0.283098369837,0.000223572991672,0.0
284,0.143909752369,0.283327519894,0.000254055863479,0.0
285,0.151122540236,0.283187538385,0.000246887822868,0.0
286,0.15397657454,0.283106327057,0.000256303203059,0.0
287,0.128389164805,0.283067733049,0.00023821798095,0.0
288,0.131327971816,0.282678246498,0.000229867684538,0.0
289,0.096959464252,0.282787740231,0.000196977707674,0.0
290,0.102441467345,0.283058226109,0.000230868856306,0.0
291,0.139098852873,0.283092439175,0.00025842274772,0.0
292,0.152062103152,0.283106833696,0.00024785703863,0.0
293,0.155318811536,0.28304335475,0.000245684263064,0.0
294,0.153785824776,0.283255338669,0.0002373339521,0.0
295,0.136428490281,0.283257007599,0.000246855866862,0.0
296,0.0861720591784,0.194468915462,0.000154331501108,0.0
297,0.134104296565,0.282763630152,0.000244864117121,0.0
298,0.136619240046,0.282880485058,0.000256324507063,0.0
299,0.131780087948,0.282883673906,0.000248751719482,0.0
300,0.150585636497,0.283075124025,0.000229995479458,0.0
301,0.159938961267,0.283139765263,0.000228802586207,0.0
302,0.167858198285,0.283152282238,0.000239485438215,0.0
303,0.160327494144,0.283196359873,0.00027996947756,0.0
304,0.151906684041,0.283057183027,0.000222380083869,0.0
305,0.14672845602,0.283172369003,0.000266805000138,0.0
306,0.154626503587,0.283098816872,0.000230911464314,0.0
307,0.131207868457,0.28310790658,0.000214083047467,0.0
308,0.133991256356,0.283072263002,0.000222305534407,0.0
309,0.152033850551,0.28314948082,0.000225617972319,0.0
310,0.164530843496,0.283253520727,0.00023005939147,0.0
311,0.165428027511,0.283238708973,0.000269212090643,0.0
312,0.177649512887,0.283286958933,0.000242701993557,0.0
313,0.187101736665,0.283307433128,0.000249039294431,0.0
314,0.187059357762,0.283132523298,0.000225617972319,0.0
315,0.190012291074,0.283246636391,0.000218279499677,0.0
316,0.179472148418,0.283270210028,0.000231997866649,0.0
317,0.1736369133,0.2832916677,0.000243745802436,0.0
318,0.169073283672,0.283339262009,0.000252128054854,0.0
319,0.177268028259,0.283223927021,0.000217086606426,0.0
320,0.189468339086,0.283319056034,0.000231997866649,0.0
321,0.195112809539,0.283318996429,0.000219323279453,0.0
322,0.197535917163,0.283326089382,0.000217182459892,0.0
323,0.189765021205,0.283299952745,0.000253459409578,0.0
324,0.181330084801,0.283310085535,0.00026162865106,0.0
325,0.179147168994,0.283327966928,0.000259615626419,0.0
326,0.172866880894,0.283269435167,0.000224659379455,0.0
327,0.181252390146,0.283189445734,0.000223583643674,0.0
328,0.192590802908,0.283179670572,0.000205498421565,0.0
329,0.1896802634,0.283318161964,0.000239613247686,0.0
330,0.176455616951,0.283316552639,0.00022131500009,0.0
331,0.175975248218,0.283129423857,0.000220228612307,0.0
332,0.159041777253,0.283213883638,0.000260712666204,0.0
333,0.189468339086,0.283255696297,0.000199075933779,0.0
334,0.194413438439,0.283209562302,0.000185325625353,0.0
335,0.160631284118,0.283300489187,0.000187370591448,0.0
336,0.1562089324,0.283270955086,0.000237216794631,0.0
337,0.13988301158,0.283322691917,0.000236354069784,0.0
338,0.123557083309,0.283226341009,0.000271193159278,0.0
339,0.101183995605,0.283164232969,0.000236141058849,0.0
340,0.0493027381599,0.283191621304,0.000203421499464,0.0
341,0.0711459890008,0.283271580935,0.000236215608311,0.0
342,0.102540366352,0.283327072859,0.000228887787671,0.0
343,0.119431450963,0.283276081085,0.00024236117315,0.0
344,0.0871116295457,0.194892212749,0.000176506684511,0.0
345,0.0647102817893,0.194834247231,0.000158687733347,0.0
346,0.107697412372,0.283171981573,0.000203549308935,0.0
347,0.109011396766,0.283128738403,0.000197883025976,0.0
348,0.118230499327,0.283225208521,0.000184217933565,0.0
349,0.124715648592,0.2830067873,0.000173503111,0.0
350,0.106312789023,0.283093690872,0.000174578861333,0.0
351,0.136011689901,0.283311873674,0.000228941047681,0.0
352,0.152507171035,0.283043056726,0.000222220332944,0.0
353,0.118809774518,0.283024013042,0.000212943385122,0.0
354,0.119184195995,0.28321108222,0.000228674762184,0.0
355,0.10446896404,0.283284246922,0.000203368239454,0.0
356,0.0973056256771,0.28290361166,0.000237035725149,0.0
357,0.1060019508,0.282960742712,0.000258507934632,0.0
358,0.0931093394756,0.282780945301,0.000246600218816,0.0
359,0.0979484766722,0.282866746187,0.000245833361987,0.0
360,0.121077463031,0.283029586077,0.000250977755059,0.0
361,0.12428471446,0.28334903717,0.000226768272114,0.0
362,0.123542957008,0.283132135868,0.000235001411056,0.0
363,0.114839561284,0.283316344023,0.000249177741352,0.0
364,0.137000709772,0.282958507538,0.000239474786213,0.0
365,0.122553929687,0.282941937447,0.000229675963055,0.0
366,0.102420270443,0.283036857843,0.000216042797547,0.0
367,0.0992765948176,0.283095508814,0.000205455813557,0.0
368,0.0683908611536,0.282859236002,0.000203432151466,0.0
369,0.0827316790819,0.283162117004,0.000251989578828,0.0
370,0.117255598307,0.283331513405,0.000249923294177,0.0
371,0.154859632254,0.283198922873,0.000253225094639,0.0
372,0.167540296912,0.283315658569,0.000231880694628,0.0
373,0.162757664919,0.283323526382,0.000210749305552,0.0
374,0.138540759683,0.283076018095,0.000217182459892,0.0
375,0.113871738315,0.282754331827,0.000221176538616,0.0
376,0.116626866162,0.28263181448,0.000232913822401,0.0
377,0.109746105969,0.282760232687,0.000244523311267,0.0
378,0.142157763243,0.283006221056,0.000229974175454,0.0
379,0.148155465722,0.283208668232,0.000209737481782,0.0
380,0.132804438472,0.283166706562,0.000207692501135,0.0
381,0.128707066178,0.283288270235,0.00025529137929,0.0
382,0.114281475544,0.283171325922,0.00023005939147,0.0
383,0.131335034966,0.283088952303,0.000238409687881,0.0
384,0.107633836567,0.282922834158,0.000271001452347,0.0
385,0.109943911433,0.282946169376,0.000229910277994,0.0
386,0.111773595214,0.282761156559,0.000223359980737,0.0
387,0.148713558912,0.282982409,0.000233084239881,0.0
388,0.158349454403,0.283291816711,0.000218215602217,0.0
389,0.144679769874,0.283035039902,0.000246025098022,0.0
390,0.122165381908,0.283081233501,0.000217054635868,0.0
391,0.106072589755,0.283067643642,0.000208757599466,0.0
392,0.114267341793,0.283185273409,0.000247750518611,0.0
393,0.0930810794234,0.28326395154,0.000251116231084,0.0
394,0.136831179261,0.282974094152,0.000217107895878,0.0
395,0.118675559759,0.283054053783,0.000209599005757,0.0
396,0.10013139993,0.283303260803,0.000201184811885,0.0
397,0.0987538248301,0.283108562231,0.000215946944081,0.0
398,0.121981710196,0.283155918121,0.000256526865996,0.0
399,0.141776278615,0.283269077539,0.000240475972532,0.0
400,0.129279285669,0.283344805241,0.000225649913773,0.0
401,0.110480800271,0.283177405596,0.000209556412301,0.0
402,0.128247871995,0.283234357834,0.000232125661569,0.0
403,0.0951509699225,0.283225655556,0.00023000613146,0.0
404,0.0948330685496,0.283175826073,0.000220228612307,0.0
405,0.125817716122,0.283033668995,0.000257751729805,0.0
406,0.111752405763,0.282981216908,0.000227577722399,0.0
407,0.10180567205,0.282879054546,0.000217043998418,0.0
408,0.103967383504,0.283111304045,0.000195859349333,0.0
409,0.0952498689294,0.28326779604,0.000194794265553,0.0
410,0.106885001063,0.283109724522,0.000221538677579,0.0
411,0.138434797525,0.283159911633,0.000254002603469,0.0
412,0.139233082533,0.283064246178,0.000243703179876,0.0
413,0.133602723479,0.28301218152,0.000215020321775,0.0
414,0.128784775734,0.283263027668,0.000232072401559,0.0
415,0.136167109013,0.283061534166,0.000231103171245,0.0
416,0.136357858777,0.283106833696,0.000248911470408,0.0
417,0.128813028336,0.28314140439,0.000236204956309,0.0
418,0.102752298117,0.283275485039,0.000248911470408,0.0
419,0.129639565945,0.283239334822,0.000248847558396,0.0
420,0.119085296988,0.283187091351,0.000235246377997,0.0
421,0.153051123023,0.283218204975,0.000220271205762,0.0
422,0.144319474697,0.283285588026,0.000234255843679,0.0
423,0.162997856736,0.283141881227,0.000256505561993,0.0
424,0.12204529345,0.283039480448,0.000239474786213,0.0
425,0.118096269667,0.282773733139,0.000237376545556,0.0
426,0.082498550415,0.283002942801,0.000202313793125,0.0
427,0.0824491009116,0.283215999603,0.000192738647456,0.0
428,0.0826610326767,0.283048987389,0.000217118562432,0.0
429,0.121352978051,0.282934635878,0.000231124475249,0.0
430,0.135594889522,0.283128350973,0.000251893739915,0.0
431,0.139240145683,0.283285021782,0.000236226245761,0.0
432,0.133998319507,0.283315271139,0.000247707939707,0.0
433,0.134542286396,0.283114612103,0.000215148131247,0.0
434,0.0980473831296,0.282740294933,0.000212911443668,0.0
435,0.126298084855,0.282880216837,0.000232999038417,0.0
436,0.130070492625,0.283059448004,0.000234309103689,0.0
437,0.112755551934,0.283206433058,0.000270948192338,0.0
438,0.132606640458,0.28303578496,0.000273621553788,0.0
439,0.0897961184382,0.283068090677,0.000225564712309,0.0
440,0.0833109617233,0.283161967993,0.000222401387873,0.0
441,0.0842293426394,0.283333480358,0.000221517359023,0.0
442,0.101169876754,0.283306002617,0.000255248742178,0.0
443,0.0837277621031,0.283104121685,0.000225436902838,0.0
444,0.0864970237017,0.283166319132,0.000223541050218,0.0
445,0.0951156392694,0.283313781023,0.000208757599466,0.0
446,0.112268105149,0.283290833235,0.00019696704112,0.0
447,0.116683378816,0.283307641745,0.000221325652092,0.0
448,0.11826582253,0.28312420845,0.000219355235458,0.0
449,0.0713720545173,0.283102542162,0.000202143375645,0.0
450,0.0966839492321,0.283034980297,0.000218236891669,0.0
451,0.0711813122034,0.283177882433,0.000185240409337,0.0
452,0.0803792178631,0.283191025257,0.000214945757762,0.0
453,0.128798902035,0.283254802227,0.000189468817553,0.0
454,0.113221809268,0.194907009602,0.000146961087012,0.0
455,0.108001187444,0.194804936647,0.000195976521354,0.0
456,0.126736074686,0.283274352551,0.00020936470537,0.0
457,0.122836515307,0.282960236073,0.00017893507902,0.0
458,0.0679599270225,0.282828092575,0.000176719695446,0.0
459,0.0622377283871,0.282900899649,0.00016929602134,0.0
460,0.0590304732323,0.283096253872,0.00017024394765,0.0
461,0.0799624174833,0.283110916615,0.000194751672097,0.0
462,0.111992590129,0.283295571804,0.000221528025577,0.0
463,0.151631176472,0.283265918493,0.000183088923222,0.0
464,0.150069922209,0.283159852028,0.000188520891243,0.0
465,0.116146489978,0.283325999975,0.000194911423023,0.0
466,0.10446896404,0.283283174038,0.00021155878494,0.0
467,0.11758762598,0.28314781189,0.000185325625353,0.0
468,0.128431558609,0.283220767975,0.000203155228519,0.0
469,0.122928343713,0.283318072557,0.000174483007868,0.0
470,0.11841417104,0.283134847879,0.000161882999237,0.0
471,0.0812410786748,0.194924160838,0.000127810766571,0.0
472,0.159776479006,0.283177107573,0.000193612009753,0.0
473,0.15719088912,0.283292770386,0.000177869995241,0.0
474,0.131306767464,0.28323841095,0.000242574198637,0.0
475,0.155163392425,0.28327897191,0.000202239243663,0.0
476,0.170450851321,0.283258736134,0.000198106703465,0.0
477,0.182389751077,0.283309608698,0.000217139851884,0.0
478,0.18927757442,0.283222585917,0.000205477117561,0.0
479,0.169497147202,0.283329904079,0.000192749299458,0.0
480,0.154061347246,0.283280223608,0.000240316207055,0.0
481,0.151574656367,0.283120900393,0.000218162342208,0.0
482,0.142454460263,0.283074200153,0.000229995479458,0.0
483,0.147441968322,0.283309310675,0.000209599005757,0.0
484,0.169264033437,0.28328499198,0.000222561167902,0.0
485,0.163852661848,0.283299714327,0.000204401381779,0.0
486,0.163428783417,0.28325766325,0.000244704366196,0.0
487,0.170902967453,0.283311516047,0.000247878342634,0.0
488,0.169341728091,0.283310502768,0.000220239264308,0.0
489,0.15120729804,0.283291727304,0.000237515021581,0.0
490,0.162898957729,0.283196002245,0.000220186004299,0.0
491,0.17698545754,0.283210337162,0.000210685408092,0.0
492,0.187454968691,0.283323049545,0.000214019135456,0.0
493,0.176900684834,0.283278524876,0.00021617062157,0.0
494,0.143429353833,0.283287882805,0.000227684242418,0.0
495,0.130784004927,0.283309370279,0.000241658213781,0.0
496,0.12899671495,0.283186256886,0.000232956430409,0.0
497,0.145704105496,0.28322121501,0.000218183646211,0.0
498,0.13904234767,0.283262580633,0.000219408495468,0.0
499,0.140695422888,0.28331014514,0.000198010835447,0.0
500,0.153701066971,0.283112704754,0.000209801379242,0.0
501,0.0973056256771,0.19477571547,0.000126639177324,0.0
502,0.132924541831,0.283150911331,0.000248165917583,0.0
503,0.102059990168,0.283136278391,0.000196945751668,0.0
504,0.0682142451406,0.28308570385,0.000191577695659,0.0
505,0.0864899605513,0.283148646355,0.000195965869352,0.0
506,0.100795447826,0.283203154802,0.000191577695659,0.0
507,0.0802308619022,0.283260852098,0.000217043998418,0.0
508,0.100378647447,0.28327524662,0.000251968303928,0.0
509,0.103310398757,0.283258587122,0.000233893719269,0.0
510,0.0675148665905,0.283026129007,0.000211803751881,0.0
511,0.0390522330999,0.282850384712,0.000190629754798,0.0
512,0.0124758034945,0.282952845097,0.000179957569344,0.0
513,0.0579142943025,0.283020853996,0.000225287789362,0.0
514,0.0778784006834,0.283171325922,0.000254513870459,0.0
515,0.0677197352052,0.283251315355,0.000219120905967,0.0
516,0.0615524798632,0.283240526915,0.000217139851884,0.0
517,0.0341636389494,0.283254861832,0.00020749012765,0.0
518,0.0453395880759,0.283270299435,0.000211750491871,0.0
519,0.060422167182,0.283254653215,0.000207468823646,0.0
520,0.0941407456994,0.283273279667,0.000207564691664,0.0
521,0.0788250416517,0.283151686192,0.000171436855453,0.0
522,0.12538677454,0.28328281641,0.000172438027221,0.0
523,0.120590016246,0.261271566153,0.000133104273118,0.0
524,0.0793266147375,0.282988905907,0.000143776473124,0.0
525,0.105818264186,0.283005356789,0.000174514963874,0.0
526,0.101431258023,0.283078670502,0.000154438021127,0.0
527,0.0563106648624,0.282585263252,0.000168209619005,0.0
528,0.0719301477075,0.282724529505,0.000197872373974,0.0
529,0.0714285671711,0.282804876566,0.00018638005713,0.0
530,0.0930881500244,0.282819062471,0.000204412019229,0.0
531,0.133355468512,0.282795965672,0.00020842741651,0.0
532,0.148819535971,0.283211380243,0.000235097264522,0.0
533,0.157381623983,0.283291339874,0.000225799027248,0.0
534,0.13416787982,0.28305876255,0.000229707904509,0.0
535,0.123126149178,0.283004909754,0.000207511446206,0.0
536,0.122059419751,0.28294557333,0.000217086606426,0.0
537,0.107351258397,0.282809019089,0.000216958782403,0.0
538,0.101438313723,0.282745748758,0.000212879487663,0.0
539,0.113073453307,0.282844245434,0.000195880667889,0.0
540,0.10376252234,0.283025145531,0.000224520932534,0.0
541,0.120801955462,0.283157169819,0.000261777749984,0.0
542,0.114168442786,0.283172875643,0.00023633276578,0.0
543,0.106079660356,0.282963335514,0.00023828187841,0.0
544,0.156442061067,0.283069938421,0.000224499613978,0.0
545,0.144439578056,0.283025771379,0.000242584836087,0.0
546,0.142320245504,0.283033013344,0.000253257050645,0.0
547,0.13361684978,0.283114761114,0.000239378918195,0.0
548,0.144898757339,0.283293932676,0.000208587181987,0.0
549,0.122787058353,0.282804489136,0.000227588374401,0.0
550,0.10781750828,0.282788842916,0.000209673569771,0.0
551,0.10278762877,0.282594829798,0.000227748139878,0.0
552,0.0878675207496,0.282711178064,0.00023089016031,0.0
553,0.123606532812,0.283092200756,0.000242510286625,0.0
554,0.142595753074,0.283154696226,0.000230038087466,0.0
555,0.156004071236,0.28326484561,0.000240550536546,0.0
556,0.161853417754,0.283026903868,0.000264664151473,0.0
557,0.134831935167,0.282986581326,0.000263002613792,0.0
558,0.129392310977,0.28312715888,0.000241370638832,0.0
559,0.127159953117,0.283183246851,0.00021387002198,0.0
560,0.0960693433881,0.282955378294,0.000190640421351,0.0
561,0.101424194872,0.282669216394,0.000212943385122,0.0
562,0.107082806528,0.282917708158,0.000211910271901,0.0
563,0.114189632237,0.282661855221,0.000205498421565,0.0
564,0.0977930575609,0.282752603292,0.000194900785573,0.0
565,0.0799129679799,0.282924205065,0.000252181314863,0.0
566,0.0439408272505,0.28301307559,0.000215073567233,0.0
567,0.119848251343,0.283147662878,0.000218204935663,0.0
568,0.115708485246,0.283090829849,0.000235065308516,0.0
569,0.153799965978,0.283069014549,0.00022675760556,0.0
570,0.141691505909,0.283176362514,0.000258156476775,0.0
571,0.113285385072,0.283107578754,0.000219280685997,0.0
572,0.109159752727,0.283078163862,0.000202122086193,0.0
573,0.128156036139,0.282940000296,0.000187391895452,0.0
574,0.142299041152,0.283049821854,0.000210589554626,0.0
575,0.099290728569,0.282807409763,0.000200236871024,0.0
576,0.0959704443812,0.282684445381,0.000220100788283,0.0
577,0.107499606907,0.282766669989,0.000250871235039,0.0
578,0.13208386302,0.283063709736,0.000219280685997,0.0
579,0.107012160122,0.283174991608,0.000241594316321,0.0
580,0.102081179619,0.283222109079,0.000239293716731,0.0
581,0.121141038835,0.283042132854,0.00023094342032,0.0
582,0.137466967106,0.283108174801,0.000226597854635,0.0
583,0.127802819014,0.283069610596,0.000264706759481,0.0
584,0.101198129356,0.283134847879,0.000226853473578,0.0
585,0.117269732058,0.283065259457,0.000209641613765,0.0
586,0.118463620543,0.283084928989,0.000223541050218,0.0
587,0.128671735525,0.282891392708,0.000207447534194,0.0
588,0.128219619393,0.282921105623,0.000218332759687,0.0
589,0.127972349524,0.283110529184,0.000243617978413,0.0
590,0.152471840382,0.282918334007,0.000251989578828,0.0
591,0.118873365223,0.283002138138,0.000220228612307,0.0
592,0.11812453717,0.282926648855,0.00023325465736,0.0
593,0.0985207110643,0.283071488142,0.00020654220134,0.0
594,0.136908873916,0.283143162727,0.000219291337999,0.0
595,0.127280041575,0.282978117466,0.000236215608311,0.0
596,0.104822188616,0.28268173337,0.000230687786825,0.0
597,0.114401571453,0.282927781343,0.000234128034208,0.0
598,0.130600333214,0.283239841461,0.000245588395046,0.0
599,0.128233745694,0.283227413893,0.000205562319024,0.0
600,0.114825427532,0.282830387354,0.000223391936743,0.0
601,0.11380816251,0.283059418201,0.000220324465772,0.0
602,0.104786865413,0.283139377832,0.000216021508095,0.0
603,0.11898638308,0.283108562231,0.000264578964561,0.0
604,0.103621222079,0.283179551363,0.00020749012765,0.0
605,0.0794537737966,0.283123075962,0.000182077099453,0.0
606,0.0492886081338,0.194684803486,0.000124615500681,0.0
607,0.0971925929189,0.283006429672,0.00021297535568,0.0
608,0.124927580357,0.283067941666,0.000224318559049,0.0
609,0.119092360139,0.283191233873,0.000236151710851,0.0
610,0.154732465744,0.2827681005,0.000265207345365,0.0
611,0.142072990537,0.282865345478,0.000224414412514,0.0
612,0.106849677861,0.282962739468,0.000229942234,0.0
613,0.110198229551,0.283002793789,0.00022444636852,0.0
614,0.0931093394756,0.2829862535,0.000217022679863,0.0
615,0.0751091465354,0.282696902752,0.000212943385122,0.0
616,0.109647206962,0.283105701208,0.000246855866862,0.0
617,0.126255705953,0.283191621304,0.000221485417569,0.0
618,0.0879876241088,0.282865643501,0.000210685408092,0.0
619,0.0886870026588,0.283047050238,0.000224584829994,0.0
620,0.0863133445382,0.283003538847,0.00022770553187,0.0
621,0.0805487632751,0.282998859882,0.000233020342421,0.0
622,0.104716219008,0.283208221197,0.000255493738223,0.0
623,0.144284158945,0.282957434654,0.000244683062192,0.0
624,0.117686532438,0.28319182992,0.000226576536079,0.0
625,0.100908480585,0.282900959253,0.000223434530199,0.0
626,0.109463520348,0.282891839743,0.000224680683459,0.0
627,0.126834973693,0.282985210419,0.000220228612307,0.0
628,0.154774844646,0.282933354378,0.000212751678191,0.0
629,0.137177318335,0.283248007298,0.000195870001335,0.0
630,0.104610256851,0.282979696989,0.000187338635442,0.0
631,0.11298161,0.28318336606,0.000213774168515,0.0
632,0.119212456048,0.283231079578,0.000183195443242,0.0
633,0.111907824874,0.283161729574,0.000243298447458,0.0
634,0.15244358778,0.283212661743,0.000239304354182,0.0
635,0.148904293776,0.283119499683,0.000226544594625,0.0
636,0.125740006566,0.282954543829,0.000208587181987,0.0
637,0.0988597944379,0.283024847507,0.000220324465772,0.0
638,0.103091388941,0.282794803381,0.000218194283661,0.0
639,0.134761288762,0.282988548279,0.000264642847469,0.0
640,0.163887992501,0.283085018396,0.000250040466199,0.0
641,0.169334664941,0.28321659565,0.000249199045356,0.0
642,0.140186786652,0.283242195845,0.000220260568312,0.0
643,0.12176271528,0.283089488745,0.000226789561566,0.0
644,0.11854839325,0.282931178808,0.000214051091461,0.0
645,0.144651502371,0.283153772354,0.000225554060307,0.0
646,0.149766162038,0.283196747303,0.000243383663474,0.0
647,0.164170563221,0.283253222704,0.00022356233967,0.0
648,0.153347834945,0.283006370068,0.000224425064516,0.0
649,0.143726065755,0.283164143562,0.000218236891669,0.0
650,0.0891885757446,0.194717377424,0.000149006053107,0.0
651,0.122539810836,0.283196955919,0.000231124475249,0.0
652,0.0659465640783,0.194858312607,0.000149059313117,0.0
653,0.16304025054,0.282703250647,0.000243287795456,0.0
654,0.181252390146,0.282957524061,0.000260946981143,0.0
655,0.189595490694,0.283229202032,0.00020654220134,0.0
656,0.183025538921,0.28325766325,0.000236183652305,0.0
657,0.178235858679,0.283222734928,0.000232008504099,0.0
658,0.174018397927,0.283014953136,0.000244715018198,0.0
659,0.165329128504,0.283213227987,0.000244821538217,0.0
660,0.166127413511,0.283312916756,0.00022545819229,0.0
661,0.16833858192,0.283069223166,0.000204465279239,0.0
662,0.168388038874,0.283327519894,0.000203314979444,0.0
663,0.168924927711,0.283313065767,0.000191652259673,0.0
664,0.166572466493,0.283283561468,0.000221251088078,0.0
665,0.172704398632,0.283181041479,0.000249049946433,0.0
666,0.164848744869,0.283305764198,0.000251275982009,0.0
667,0.15592636168,0.281535416842,0.000255259423284,0.0
668,0.153764635324,0.281760931015,0.000243745802436,0.0
669,0.139515668154,0.282118141651,0.000224670031457,0.0
670,0.119268968701,0.282054305077,0.000212932747672,0.0
671,0.126269832253,0.282381087542,0.000233041646425,0.0
672,0.130056381226,0.282599151134,0.000233904371271,0.0
673,0.0935826599598,0.282867670059,0.000217033346416,0.0
674,0.09079220891,0.282963454723,0.000184228571015,0.0
675,0.118513070047,0.282745540142,0.000189511411008,0.0
676,0.131483390927,0.283167690039,0.000209737481782,0.0
677,0.131921380758,0.283324033022,0.000216916188947,0.0
678,0.143704876304,0.283139467239,0.00027853163192,0.0
679,0.109223335981,0.282733231783,0.000235107916524,0.0
680,0.0849852338433,0.282665550709,0.000217150503886,0.0
681,0.0427540019155,0.282672375441,0.000185293669347,0.0
682,0.0315144732594,0.282813102007,0.000203272385988,0.0
683,0.0261313710362,0.282830744982,0.000223338676733,0.0
684,0.0205010101199,0.282870560884,0.000220207308303,0.0
685,0.0685957297683,0.282886385918,0.000225681869779,0.0
686,0.074395634234,0.282929956913,0.000273397890851,0.0
687,0.0711813122034,0.282989948988,0.000203378891456,0.0
688,0.040571089834,0.282932281494,0.000194868829567,0.0
689,0.040366217494,0.28296610713,0.000182130344911,0.0
690,0.0486951954663,0.282873123884,0.000220143410843,0.0
691,0.0935332030058,0.282911449671,0.00021079191356,0.0
692,0.0789098143578,0.282970398664,0.000185219105333,0.0
693,0.0572361052036,0.283014804125,0.000184207267012,0.0
694,0.0640674233437,0.28326523304,0.000162905475008,0.0
695,0.0697542950511,0.28326523304,0.00018313153123,0.0
696,0.0709128603339,0.283184289932,0.000162958735018,0.0
697,0.0886304825544,0.282891988754,0.000205370612093,0.0
698,0.0841869488358,0.283175766468,0.00019885225629,0.0
699,0.0885880962014,0.281222254038,0.000176709043444,0.0
700,0.0612275153399,0.281245619059,0.000191513783648,0.0
701,0.0545869395137,0.281508386135,0.000174600150785,0.0
702,0.0550178699195,0.281676054001,0.000187359939446,0.0
703,0.0791782662272,0.281951636076,0.000248570664553,0.0
704,0.119968354702,0.282304883003,0.000244608527282,0.0
705,0.139840617776,0.28202599287,0.000185261713341,0.0
706,0.0962883383036,0.282124727964,0.000177848691237,0.0
707,0.0827175453305,0.282328277826,0.000198894864297,0.0
708,0.068885371089,0.282540619373,0.000187274737982,0.0
709,0.0996722057462,0.282462507486,0.000227577722399,0.0
710,0.074607565999,0.282375127077,0.000209471196285,0.0
711,0.0816790759563,0.282719790936,0.000181001363671,0.0
712,0.0644559636712,0.282661437988,0.000185325625353,0.0
713,0.0818203613162,0.282718807459,0.000221378912101,0.0
714,0.0883479043841,0.283098161221,0.000228504344705,0.0
715,0.134372755885,0.283281773329,0.000261809705989,0.0
716,0.105754688382,0.283126592636,0.000204156400287,0.0
717,0.0631702393293,0.283222705126,0.000182130344911,0.0
718,0.0658829808235,0.283210813999,0.000219078312512,0.0
719,0.0888353511691,0.283192008734,0.000241370638832,0.0
720,0.107782192528,0.283218950033,0.000205423857551,0.0
721,0.110035739839,0.283269733191,0.000255483086221,0.0
722,0.117396883667,0.283167213202,0.000228791934205,0.0
723,0.102462656796,0.281936168671,0.00023005939147,0.0
724,0.0583734810352,0.281806886196,0.00023402152874,0.0
725,0.0968535020947,0.282114446163,0.000223381270189,0.0
726,0.109760224819,0.282567352057,0.000224584829994,0.0
727,0.106093779206,0.282613158226,0.000236226245761,0.0
728,0.116294838488,0.282631903887,0.000266730436124,0.0
729,0.117057792842,0.282691329718,0.000221304348088,0.0
730,0.108954884112,0.282609313726,0.000239357614191,0.0
731,0.0833038911223,0.282682716846,0.000258412066614,0.0
732,0.100159652531,0.282136589289,0.000205370612093,0.0
733,0.105118893087,0.2815964818,0.000262832210865,0.0
734,0.0816225558519,0.281479179859,0.000227311451454,0.0
735,0.0488647408783,0.281509369612,0.000224648727453,0.0
736,0.0618845075369,0.281591594219,0.000203006115044,0.0
737,0.0589174441993,0.281735688448,0.000182130344911,0.0
738,0.0302428752184,0.281779885292,0.000184984775842,0.0
739,0.0397728048265,0.280993700027,0.000203304341994,0.0
740,0.0512666516006,0.281048953533,0.000190129168914,0.0
741,0.0482925251126,0.281265854836,0.000186092482181,0.0
742,0.0590657964349,0.281296163797,0.000160498384503,0.0
743,0.092593640089,0.28200674057,0.00015008180344,0.0
744,0.0979414209723,0.281315952539,0.000141539785545,0.0
745,0.115327008069,0.281938642263,0.000145778831211,0.0
746,0.155989930034,0.282624810934,0.000139516108902,0.0
747,0.165180772543,0.282995998859,0.000144766992889,0.0
748,0.170140013099,0.28330513835,0.000132060478791,0.0
749,0.169101536274,0.283336281776,0.000141593031003,0.0
750,0.182566359639,0.258609861135,0.000119204843941,0.0
751,0.182361513376,0.281375914812,0.00014908061712,0.0
752,0.147936478257,0.28197902441,0.000159710209118,0.0
753,0.138851597905,0.281999498606,0.000155481800903,0.0
754,0.135262861848,0.283090144396,0.000144798948895,0.0
755,0.123754881322,0.28329873085,0.000142711389344,0.0
756,0.113758705556,0.283379137516,0.000147994214785,0.0
757,0.0608107149601,0.194910153747,0.000101151577837,0.0
758,0.115574270487,0.283329546452,0.000141656943015,0.0
759,0.11310877651,0.283344626427,0.000150049847434,0.0
760,0.0717535316944,0.283316612244,0.000136331495014,0.0
761,0.101459510624,0.283332645893,0.000140591844684,0.0
762,0.161697998643,0.280147314072,0.000148974097101,0.0
763,0.145230799913,0.281081557274,0.000145917292684,0.0
764,0.131087779999,0.28181090951,0.00014370190911,0.0
765,0.100583523512,0.282121241093,0.000143733865116,0.0
766,0.0661161094904,0.282608509064,0.000136331495014,0.0
767,0.0897537320852,0.283045619726,0.000143723213114,0.0
768,0.0905873328447,0.283191382885,0.000143712561112,0.0
769,0.0474730469286,0.283325999975,0.000136320843012,0.0
770,0.0555547699332,0.283320993185,0.000141656943015,0.0
771,0.0909405574203,0.283315360546,0.00013737527479,0.0
772,0.0560775361955,0.283349603415,0.000140591844684,0.0
773,0.0563954375684,0.28334903717,0.000138461662573,0.0
774,0.0538027919829,0.283317178488,0.000138451025123,0.0
775,0.0416166260839,0.283347904682,0.000142690070788,0.0
776,0.0620611198246,0.283329308033,0.000137385941343,0.0
777,0.0425420701504,0.283318996429,0.000137385941343,0.0
778,0.0382327586412,0.283327639103,0.000137385941343,0.0
779,0.0646113827825,0.283366829157,0.00013737527479,0.0
780,0.0620258003473,0.283325701952,0.000139494804898,0.0
781,0.0638484209776,0.283323138952,0.000141635639011,0.0
782,0.0428246445954,0.283326923847,0.000138440358569,0.0
783,0.0508781075478,0.283349841833,0.000137385941343,0.0
784,0.0564236976206,0.283340245485,0.000140549251228,0.0
785,0.0564378239214,0.282556921244,0.000140581207233,0.0
786,0.0533506609499,0.282724589109,0.000138429721119,0.0
787,0.0490060336888,0.282849907875,0.000138451025123,0.0
788,0.0537321418524,0.282184123993,0.000137385941343,0.0
789,0.0427045486867,0.282595723867,0.00014055990323,0.0
790,0.0532941482961,0.28112617135,0.000144820252899,0.0
791,0.0522556751966,0.281503796577,0.000136320843012,0.0
792,0.0604292340577,0.281813830137,0.000139494804898,0.0
793,0.0603656508029,0.281982809305,0.0001395054569,0.0
794,0.0521708987653,0.282204151154,0.000135266396683,0.0
795,0.0537533350289,0.282345801592,0.000139516108902,0.0
796,0.0538663677871,0.282488554716,0.000145810787217,0.0
797,0.0491614453495,0.282675623894,0.000143787125126,0.0
798,0.0454455539584,0.282865554094,0.000141593031003,0.0
799,0.0340788662434,0.282971918583,0.000135266396683,0.0
800,0.0411291792989,0.283108025789,0.000137396578793,0.0
801,0.0865040868521,0.283280849457,0.000141624987009,0.0
802,0.101410061121,0.283312112093,0.000144852208905,0.0
803,0.075801461935,0.194928795099,0.000101162229839,0.0
804,0.132783249021,0.283350020647,0.000144756355439,0.0
805,0.1143591851,0.283327937126,0.000143744517118,0.0
806,0.117580570281,0.283271849155,0.000142690070788,0.0
807,0.116407871246,0.28175625205,0.000145853395225,0.0
808,0.11548242718,0.282392948866,0.000144777644891,0.0
809,0.0836500525475,0.282669574022,0.00014370190911,0.0
810,0.0938864275813,0.282915174961,0.000141656943015,0.0
811,0.0230724662542,0.283135741949,0.000136320843012,0.0
812,0.0388120412827,0.283328652382,0.000138451025123,0.0
813,0.0409243106842,0.283335566521,0.000138451025123,0.0
814,0.0477414987981,0.283310800791,0.00013737527479,0.0
815,0.0290701780468,0.28330206871,0.000137385941343,0.0
816,0.0304336156696,0.283333152533,0.000141603683005,0.0
817,0.0651200264692,0.282307416201,0.000139516108902,0.0
818,0.0680658966303,0.282469898462,0.000141603683005,0.0
819,0.061241645366,0.282628118992,0.000139526760904,0.0
820,0.071216635406,0.282835036516,0.000138419069117,0.0
821,0.0625061839819,0.281490892172,0.000136320843012,0.0
822,0.0498608313501,0.281962811947,0.00013311492512,0.0
823,0.0645689964294,0.282151013613,0.000134148052894,0.0
824,0.0691255629063,0.282339304686,0.000133093621116,0.0
825,0.0705384463072,0.282511919737,0.000139484167448,0.0
826,0.115376465023,0.283234477043,0.000138408417115,0.0
827,0.0876909121871,0.283318728209,0.000137385941343,0.0
828,0.0781327262521,0.283366173506,0.000137343318784,0.0
829,0.0435381531715,0.283333986998,0.000135255759233,0.0
830,0.044689655304,0.283319354057,0.000138408417115,0.0
831,0.0648233145475,0.283388823271,0.000138429721119,0.0
832,0.0827387422323,0.283325225115,0.000141603683005,0.0
833,0.082321934402,0.28332555294,0.000145832091221,0.0
834,0.0505531430244,0.283297538757,0.00013737527479,0.0
835,0.0483631677926,0.283323973417,0.000143787125126,0.0
836,0.0619198307395,0.283328473568,0.000139484167448,0.0
837,0.0552227385342,0.283277899027,0.000136331495014,0.0
838,0.0415318533778,0.283365398645,0.000140549251228,0.0
839,0.0602808818221,0.283321619034,0.00014057054068,0.0
840,0.0546505227685,0.283326536417,0.000141646291013,0.0
841,0.0403803475201,0.28333953023,0.000138429721119,0.0
842,0.0456928089261,0.283287405968,0.000141624987009,0.0
843,0.0541065558791,0.283341228962,0.000136320843012,0.0
844,0.0373355746269,0.282965809107,0.000139516108902,0.0
845,0.0386424958706,0.281395465136,0.00013737527479,0.0
846,0.0683696642518,0.281598478556,0.000143712561112,0.0
847,0.0772849917412,0.28075927496,0.000141603683005,0.0
848,0.0885457098484,0.28173622489,0.000141593031003,0.0
849,0.0599205940962,0.194900482893,0.000105369334051,0.0
850,0.060754198581,0.28231164813,0.0001395054569,0.0
851,0.0517823584378,0.282616257668,0.000139484167448,0.0
852,0.0851618498564,0.281855881214,0.00014370190911,0.0
853,0.0796021297574,0.282040923834,0.000140538584674,0.0
854,0.0861155465245,0.282331585884,0.000142711389344,0.0
855,0.0736821293831,0.282524496317,0.000141603683005,0.0
856,0.0712731480598,0.282709211111,0.000141593031003,0.0
857,0.042245361954,0.282880663872,0.000136320843012,0.0
858,0.0409384407103,0.283080846071,0.000136320843012,0.0
859,0.0326235927641,0.283240318298,0.00014055990323,0.0
860,0.0319171473384,0.2833519876,0.000134190660901,0.0
861,0.0321361459792,0.28330540657,0.000137364622788,0.0
862,0.0382892750204,0.283340662718,0.000135234455229,0.0
863,0.0465264134109,0.283311963081,0.000135255759233,0.0
864,0.0264563336968,0.283253014088,0.000133136214572,0.0
865,0.0347994379699,0.283338993788,0.000135245092679,0.0
866,0.0455868393183,0.283325612545,0.000138429721119,0.0
867,0.0421252660453,0.283355593681,0.000141593031003,0.0
868,0.0566921457648,0.282032102346,0.000137396578793,0.0
869,0.0350255034864,0.282137572765,0.000141593031003,0.0
870,0.0671828389168,0.282583117485,0.000138440358569,0.0
871,0.0792771652341,0.28332477808,0.00014370190911,0.0
872,0.0778077617288,0.28334698081,0.000140549251228,0.0
873,0.0764584541321,0.283345788717,0.000139484167448,0.0
874,0.0927773118019,0.283319711685,0.00014693979756,0.0
875,0.0917670950294,0.283311635256,0.000143723213114,0.0
876,0.0688994973898,0.283260703087,0.000139526760904,0.0
877,0.072933293879,0.281507402658,0.00014370190911,0.0
878,0.0738728642464,0.280237227678,0.000140591844684,0.0
879,0.0483772978187,0.280637174845,0.000138419069117,0.0
880,0.0477626919746,0.281038671732,0.000140591844684,0.0
881,0.0406205393374,0.281355977058,0.000139484167448,0.0
882,0.0434109941125,0.281768172979,0.00014055990323,0.0
883,0.0451347157359,0.282204687595,0.000137385941343,0.0
884,0.0414470769465,0.282424271107,0.000137385941343,0.0
885,0.0556324794888,0.282739847898,0.00013737527479,0.0
886,0.0581262260675,0.283092260361,0.000140549251228,0.0
887,0.0342272184789,0.283242583275,0.000141614349559,0.0
888,0.0511253662407,0.283281475306,0.00013737527479,0.0
889,0.0383599177003,0.283274114132,0.000140549251228,0.0
890,0.0753493383527,0.282301455736,0.000139494804898,0.0
891,0.0819051414728,0.282504528761,0.000141593031003,0.0
892,0.0780126303434,0.282782196999,0.000140538584674,0.0
893,0.076642125845,0.281581640244,0.000140538584674,0.0
894,0.0527855083346,0.280633032322,0.0001395054569,0.0
895,0.0696695223451,0.278062164783,0.0001395054569,0.0
896,0.0517752952874,0.278367757797,0.000137353985338,0.0
897,0.0598075650632,0.278723031282,0.000137364622788,0.0
898,0.0581827424467,0.276133418083,0.0001395054569,0.0
899,0.0632196888328,0.274204999208,0.000141656943015,0.0
900,0.0357107520103,0.270700216293,0.00013312556257,0.0
901,0.0401825457811,0.271264761686,0.000136288887006,0.0
902,0.0345168635249,0.27174577117,0.000140538584674,0.0
903,0.0454384870827,0.269258052111,0.000139484167448,0.0
904,0.0374274104834,0.266451746225,0.000153351618792,0.0
905,0.044421210885,0.266842991114,0.000150103092892,0.0
906,0.0411150492728,0.261205673218,0.000151136235218,0.0
907,0.0488859340549,0.257461696863,0.000151189495227,0.0
908,0.0617997385561,0.25562697649,0.000160679439432,0.0
909,0.0828023180366,0.25426119566,0.00016806050553,0.0
910,0.0926572158933,0.251033425331,0.000177550464286,0.0
911,0.0538875609636,0.16836990416,0.000113868751214,0.0
912,0.0764513909817,0.236862316728,0.000170137442183,0.0
913,0.0781256556511,0.233484640718,0.000189436861547,0.0
914,0.0852960646152,0.233774423599,0.000185006094398,0.0
915,0.0759074240923,0.23093137145,0.00018076703418,0.0
916,0.086864374578,0.231174707413,0.000185176511877,0.0
917,0.0884256139398,0.2314157933,0.000171287741978,0.0
918,0.0921132564545,0.231633201241,0.000173353997525,0.0
919,0.0892662853003,0.231798097491,0.000182045143447,0.0
920,0.0998558849096,0.231942862272,0.000185176511877,0.0
921,0.102801755071,0.232391551137,0.000192749299458,0.0
922,0.0670062303543,0.152159512043,0.000153245127876,0.0
923,0.106037274003,0.226581439376,0.000213433333556,0.0
924,0.112119756639,0.227102205157,0.000199778893148,0.0
925,0.111674696207,0.226705476642,0.000208757599466,0.0
926,0.108983144164,0.224427849054,0.000198010835447,0.0
927,0.108001187444,0.22466827929,0.000183983618626,0.0
928,0.108495697379,0.224950686097,0.000187359939446,0.0
929,0.112522423267,0.225361347198,0.000205306700082,0.0
930,0.10139592737,0.222306206822,0.000185240409337,0.0
931,0.0939429402351,0.222549110651,0.000205306700082,0.0
932,0.0990929231048,0.222786799073,0.000186156394193,0.0
933,0.10153722018,0.223033100367,0.000177869995241,0.0
934,0.0969382673502,0.223330557346,0.000193505504285,0.0
935,0.0954264774919,0.223544418812,0.000197936271434,0.0
936,0.0939076170325,0.22384557128,0.000210653452086,0.0
937,0.0929680541158,0.224167749286,0.000197883025976,0.0
938,0.093646235764,0.22441509366,0.000184143369552,0.0
939,0.0941902026534,0.224657937884,0.000182982417755,0.0
940,0.0898385047913,0.224866777658,0.000184175325558,0.0
941,0.0866171196103,0.225146949291,0.000197989531443,0.0
942,0.0874012708664,0.225485190749,0.00020109959587,0.0
943,0.0925512462854,0.225848928094,0.000203336298,0.0
944,0.0874507203698,0.226204797626,0.000201951668714,0.0
945,0.0910889133811,0.226509541273,0.000208278303035,0.0
946,0.090834595263,0.226831376553,0.000216756408918,0.0
947,0.0878180712461,0.227208763361,0.00020428422431,0.0
948,0.0905237570405,0.227654397488,0.000214764702832,0.0
949,0.0890614166856,0.228148669004,0.000244470051257,0.0
950,0.0886163562536,0.22865216434,0.000239900822635,0.0
951,0.0892521515489,0.229185923934,0.000225351701374,0.0
952,0.087966427207,0.229675382376,0.000226491334615,0.0
953,0.0913926810026,0.230192512274,0.000213891340536,0.0
954,0.096917077899,0.230677485466,0.000219035704504,0.0
955,0.0984924435616,0.2312297225,0.000204060546821,0.0
956,0.0990152135491,0.231889978051,0.000230922116316,0.0
957,0.101183995605,0.232495740056,0.000222230970394,0.0
958,0.101558409631,0.233138635755,0.000219270019443,0.0
959,0.101198129356,0.233707308769,0.000219003748498,0.0
960,0.100689485669,0.234336063266,0.000209481848287,0.0
961,0.104709155858,0.234915778041,0.00020616943948,0.0
962,0.106461130083,0.235482499003,0.000221538677579,0.0
963,0.108382664621,0.236072346568,0.000223487790208,0.0
964,0.107549063861,0.236709177494,0.000217757595237,0.0
965,0.109004333615,0.237344041467,0.000221336304094,0.0
966,0.109421133995,0.23798584938,0.000218982459046,0.0
967,0.113963574171,0.238645121455,0.000205423857551,0.0
968,0.113737508655,0.23940461874,0.000205328004085,0.0
969,0.124581433833,0.240172475576,0.000198724446818,0.0
970,0.130628585815,0.241010159254,0.000200130365556,0.0
971,0.0872175991535,0.169094890356,0.00013181551185,0.0
972,0.12148014456,0.24235586822,0.000191545739654,0.0
973,0.124185815454,0.243277594447,0.000184260527021,0.0
974,0.134217336774,0.244052797556,0.000184888922377,0.0
975,0.132147446275,0.244836315513,0.000176709043444,0.0
976,0.139508590102,0.245570600033,0.000183738622582,0.0
977,0.139112979174,0.24640956521,0.000186390709132,0.0
978,0.138448923826,0.247136890888,0.000162809621543,0.0
979,0.135828018188,0.24789249897,0.000157313756063,0.0
980,0.13333427906,0.248648688197,0.000152148073539,0.0
981,0.146601289511,0.249248042703,0.000146716120071,0.0
982,0.153672799468,0.249875515699,0.000125510166981,0.0
983,0.151617050171,0.250495791435,0.000120355143736,0.0
984,0.143570646644,0.25104957819,0.00010743560415,0.0
985,0.147781059146,0.251706987619,0.000100043878774,0.0
986,0.143598914146,0.252238094807,9.89681357169e-05,0.0
987,0.14017264545,0.230788215995,7.34911955078e-05,0.0
988,0.148169606924,0.253113508224,8.73267053976e-05,0.0
989,0.155855715275,0.253549426794,9.04900225578e-05,0.0
990,0.146325781941,0.253921240568,8.52071825648e-05,0.0
991,0.142433270812,0.25441083312,8.52071825648e-05,0.0
992,0.140412837267,0.254931211472,8.52071825648e-05,0.0
993,0.142807677388,0.255438089371,8.52071825648e-05,0.0
994,0.138809219003,0.255873531103,8.52071825648e-05,0.0
995,0.140434026718,0.256317347288,8.94462427823e-05,0.0
996,0.142178952694,0.256757497787,9.4792987511e-05,0.0
997,0.135404154658,0.257213771343,0.000110598914034,0.0
998,0.136506199837,0.257706910372,0.000111717265099,0.0
999,0.137643575668,0.258149683475,0.000106445077108,0.0
1000,0.128254935145,0.258644461632,0.000112771704153,0.0
1001,0.121579043567,0.259053051472,0.000111823770567,0.0
1002,0.126206248999,0.259558856487,0.00011604152678,0.0
1003,0.128283187747,0.260035008192,0.000117053365102,0.0
1004,0.126375794411,0.260491669178,0.000121324381325,0.0
1005,0.12496996671,0.26097407937,0.00011709597311,0.0
1006,0.124115176499,0.261459797621,0.000129823791212,0.0
1007,0.119177125394,0.261906415224,0.000136203685543,0.0
1008,0.0820958763361,0.180539697409,9.46332220337e-05,0.0
1009,0.115546002984,0.262743026018,0.000147738610394,0.0
1010,0.114719465375,0.263272255659,0.00015197765606,0.0
1011,0.121974654496,0.263776868582,0.000179446316906,0.0
1012,0.113977700472,0.264289677143,0.000170339801116,0.0
1013,0.10642580688,0.264714568853,0.000184920878382,0.0
1014,0.106750778854,0.265103667974,0.00016166997375,0.0
1015,0.110509052873,0.265572726727,0.000192259351024,0.0
1016,0.107224091887,0.265972912312,0.000179680646397,0.0
1017,0.10753493011,0.266439914703,0.00018306763377,0.0
1018,0.105415597558,0.266987323761,0.00019790432998,0.0
1019,0.105344951153,0.267577528954,0.00019795758999,0.0
1020,0.106517650187,0.268127262592,0.000199778893148,0.0
1021,0.10906791687,0.268676191568,0.000196785986191,0.0
1022,0.104362994432,0.269170761108,0.000205434524105,0.0
1023,0.103395171463,0.269612938166,0.000195763495867,0.0
1024,0.105238988996,0.270116865635,0.000190342194401,0.0
1025,0.11157578975,0.270669996738,0.000214935120312,0.0
1026,0.110671542585,0.271097451448,0.000200194277568,0.0
1027,0.104850441217,0.271652311087,0.000211154052522,0.0
1028,0.113991834223,0.272379428148,0.000203261733986,0.0
1029,0.110586762428,0.273045271635,0.000205221484066,0.0
1030,0.114945538342,0.273672103882,0.00022089961567,0.0
1031,0.109548300505,0.274319380522,0.000197946937988,0.0
1032,0.111208438873,0.274978131056,0.000208448720514,0.0
1033,0.118039749563,0.275634884834,0.000193601372303,0.0
1034,0.121091596782,0.276348978281,0.000185165859875,0.0
1035,0.122236035764,0.276990354061,0.000193558764295,0.0
1036,0.120575882494,0.277638435364,0.000188520891243,0.0
1037,0.118315264583,0.278277158737,0.000182822652278,0.0
1038,0.128382101655,0.278860360384,0.000177720881766,0.0
1039,0.126757264137,0.27947473526,0.000212868835661,0.0
1040,0.129399374127,0.280221015215,0.000177603724296,0.0
1041,0.1345988065,0.280687838793,0.000186305493116,0.0
1042,0.136774659157,0.280873805285,0.000177497204277,0.0
1043,0.136781722307,0.281149119139,0.000188297213754,0.0
1044,0.134966164827,0.281318604946,0.000194794265553,0.0
1045,0.142037659883,0.281674325466,0.000170148094185,0.0
1046,0.136711075902,0.281823724508,0.000164971759659,0.0
1047,0.142030596733,0.282144725323,0.000171096020495,0.0
1048,0.147244155407,0.28240826726,0.000148942155647,0.0
1049,0.154725402594,0.282662570477,0.000128801300889,0.0
1050,0.144891709089,0.2828104496,0.000114923190267,0.0
1051,0.153044059873,0.282980889082,0.000120355143736,0.0
1052,0.160051986575,0.283104717731,0.000117149218568,0.0
1053,0.146968632936,0.283368557692,0.000108639156679,0.0
1054,0.1443477422,0.28324303031,0.000110609573312,0.0
1055,0.156166538596,0.283267617226,9.47716907831e-05,0.0
1056,0.155566081405,0.283304274082,9.58580785664e-05,0.0
1057,0.151066020131,0.283322066069,9.68912208918e-05,0.0
1058,0.151496946812,0.283294677734,0.000104314894998,0.0
1059,0.0971148833632,0.194939106703,7.34911955078e-05,0.0
1060,0.150684535503,0.28335031867,0.00010648767784,0.0
1061,0.141755089164,0.283309102058,0.000100086486782,0.0
1062,0.142242535949,0.283267468214,0.000102195357613,0.0
1063,0.132656082511,0.283256292343,0.000114965790999,0.0
1064,0.134718894958,0.283311665058,0.000117085321108,0.0
1065,0.132535994053,0.283323049545,0.00011068413005,0.0
1066,0.136117652059,0.28328025341,0.000108628504677,0.0
1067,0.128749445081,0.283343791962,0.000115956325317,0.0
1068,0.133249491453,0.283340632915,0.000122432058561,0.0
1069,0.129823252559,0.283291786909,0.000116052178782,0.0
1070,0.126142665744,0.283312022686,0.000136224974995,0.0
1071,0.132444143295,0.283278346062,0.000121366974781,0.0
1072,0.127908781171,0.283317238092,0.000135074689751,0.0
1073,0.130501434207,0.283284455538,0.00016581316595,0.0
1074,0.132917463779,0.283293217421,0.000139345691423,0.0
1075,0.127845197916,0.283333003521,0.000138376461109,0.0
1076,0.132486537099,0.283282727003,0.000136288887006,0.0
1077,0.135220482945,0.283254414797,0.000135106645757,0.0
1078,0.130932360888,0.28323033452,0.00015114688722,0.0
1079,0.12665836513,0.283244222403,0.000161638017744,0.0
1080,0.117615893483,0.283288568258,0.00019790432998,0.0
1081,0.11772185564,0.283313333988,0.000189298400073,0.0
1082,0.120166160166,0.283223837614,0.000184920878382,0.0
1083,0.11464881897,0.283285528421,0.000176645145984,0.0
1084,0.113518513739,0.283280462027,0.000186209639651,0.0
1085,0.108057707548,0.283198773861,0.000194442778593,0.0
1086,0.113596223295,0.283325612545,0.000193569416297,0.0
1087,0.109774358571,0.283250123262,0.000190501959878,0.0
1088,0.109640128911,0.28328076005,0.000206446347875,0.0
1089,0.106369301677,0.283267468214,0.000198724446818,0.0
1090,0.113454937935,0.283341675997,0.000185272365343,0.0
1091,0.110198229551,0.283306211233,0.000211633334402,0.0
1092,0.112261041999,0.283242970705,0.000203240429983,0.0
1093,0.110544383526,0.283223032951,0.000205338641535,0.0
1094,0.11256480962,0.283244222403,0.000194517342607,0.0
1095,0.11046667397,0.283291548491,0.000170329149114,0.0
1096,0.112536557019,0.283221065998,0.000178690112079,0.0
1097,0.117637082934,0.283234357834,0.000169349266798,0.0
1098,0.113829351962,0.283243834972,0.00018413271755,0.0
1099,0.11953034997,0.283280938864,0.00017444039986,0.0
1100,0.118421241641,0.283260077238,0.000185069991858,0.0
1101,0.120618283749,0.283264786005,0.000180990697118,0.0
1102,0.133178859949,0.283261537552,0.00017662384198,0.0
1103,0.118173979223,0.283274501562,0.000181970593985,0.0
1104,0.121600240469,0.283242046833,0.000170275889104,0.0
1105,0.123274505138,0.283244371414,0.000158666429343,0.0
1106,0.128890737891,0.283176988363,0.000163906661328,0.0
1107,0.134930834174,0.283196806908,0.000169349266798,0.0
1108,0.133094072342,0.283203333616,0.000179968221346,0.0
1109,0.134754225612,0.283298045397,0.000175420282176,0.0
1110,0.12594486773,0.28322711587,0.000161829739227,0.0
1111,0.122221902013,0.283223390579,0.000162958735018,0.0
1112,0.132543057203,0.283290982246,0.000168039216078,0.0
1113,0.131624683738,0.283275425434,0.000149016719661,0.0
1114,0.129943341017,0.283220618963,0.000142562275869,0.0
1115,0.136209502816,0.283269524574,0.00014695043501,0.0
1116,0.140207976103,0.283243536949,0.000138333867653,0.0
1117,0.136696949601,0.283316880465,0.000162777665537,0.0
1118,0.134789541364,0.283281058073,0.000153159911861,0.0
1119,0.139805302024,0.283306896687,0.000153159911861,0.0
1120,0.133595660329,0.283227473497,0.000144735051435,0.0
1121,0.142178952694,0.283274948597,0.000143733865116,0.0
1122,0.140688344836,0.283297389746,0.000114987087727,0.0
1123,0.134422197938,0.283222109079,0.000119162243209,0.0
1124,0.141529023647,0.2832724154,0.000124530299217,0.0
1125,0.150967121124,0.283296465874,0.000126649829326,0.0
1126,0.14895375073,0.283218502998,0.000111759865831,0.0
1127,0.142306119204,0.283260524273,0.000114912530989,0.0
1128,0.1422637254,0.283229529858,0.000118129108159,0.0
1129,0.137028977275,0.283243238926,0.000111738569103,0.0
1130,0.143676623702,0.283309072256,0.000109629690996,0.0
1131,0.0827528685331,0.194909840822,9.6859264886e-05,0.0
1132,0.133249491453,0.283319950104,0.000125627339003,0.0
1133,0.130911171436,0.283201336861,0.000115966970043,0.0
1134,0.133263632655,0.283370614052,0.000125616687001,0.0
1135,0.127626210451,0.283241659403,0.000120312535728,0.0
1136,0.132309928536,0.28323918581,0.000121398938063,0.0
1137,0.123422861099,0.283225655556,0.000123454563436,0.0
1138,0.119756415486,0.283168584108,0.000118224961625,0.0
1139,0.124207019806,0.283250331879,0.000112878216896,0.0
1140,0.122695215046,0.283265829086,0.000117159877846,0.0
1141,0.120088450611,0.283203303814,0.000120291239,0.0
1142,0.121932268143,0.283198922873,0.000136299539008,0.0
1143,0.122730538249,0.283183306456,0.000152009612066,0.0
1144,0.119473837316,0.28328448534,0.000158282986376,0.0
1145,0.121402435005,0.283210784197,0.000155503104907,0.0
1146,0.111865438521,0.283261656761,0.00016474808217,0.0
1147,0.112126819789,0.283223181963,0.000143659315654,0.0
1148,0.111929014325,0.28320813179,0.000151104279212,0.0
1149,0.113419614732,0.28326651454,0.000155364643433,0.0
1150,0.113193541765,0.283195018768,0.000156376481755,0.0
1151,0.112819127738,0.283234506845,0.000162649870617,0.0
1152,0.10906085372,0.283214271069,0.000151157539221,0.0
1153,0.112543620169,0.283264607191,0.000167016725754,0.0
1154,0.112734362483,0.283243238926,0.00015009244089,0.0
1155,0.113073453307,0.283252835274,0.000174451051862,0.0
1156,0.106581225991,0.283248156309,0.000176442772499,0.0
1157,0.103607103229,0.283218950033,0.000171415551449,0.0
1158,0.104624383152,0.283281356096,0.000167016725754,0.0
1159,0.115637846291,0.283203989267,0.000155332687427,0.0
1160,0.111674696207,0.283340096474,0.000147951621329,0.0
1161,0.116577416658,0.283192068338,0.00015108298976,0.0
1162,0.120060183108,0.283358454704,0.000152275883011,0.0
1163,0.121748581529,0.283303648233,0.000143723213114,0.0
1164,0.123867914081,0.283256322145,0.000187008467037,0.0
1165,0.122158326209,0.283283948898,0.000165898381965,0.0
1166,0.123387537897,0.283249676228,0.000161680625752,0.0
1167,0.120590016246,0.283245533705,0.000172427375219,0.0
1168,0.121331788599,0.283254891634,0.000176602537977,0.0
1169,0.122080616653,0.28324007988,0.000169146907865,0.0
1170,0.131631746888,0.28316193819,0.000161701929756,0.0
1171,0.129540666938,0.283192694187,0.000150049847434,0.0
1172,0.127597942948,0.283207535744,0.000151125583216,0.0
1173,0.126827925444,0.283179074526,0.000160722032888,0.0
1174,0.129632502794,0.283231258392,0.000138461662573,0.0
1175,0.129123866558,0.283303290606,0.000142636825331,0.0
1176,0.131942585111,0.283233076334,0.000137332681334,0.0
1177,0.129272222519,0.283169180155,0.000135266396683,0.0
1178,0.123790204525,0.283188045025,0.000139366995427,0.0
1179,0.12665130198,0.283223181963,0.000134148052894,0.0
1180,0.13570792973,0.283254027367,0.000141475873534,0.0
1181,0.125754117966,0.261359989643,0.000115924369311,0.0
1182,0.140942677855,0.283244460821,0.000127757521113,0.0
1183,0.135870411992,0.283209949732,0.00012986639922,0.0
1184,0.137113749981,0.283319145441,0.000125616687001,0.0
1185,0.144467830658,0.28330373764,0.000124530299217,0.0
1186,0.151412174106,0.283265531063,0.000125606034999,0.0
1187,0.157522916794,0.28330335021,0.000130995395011,0.0
1188,0.149420008063,0.283313900232,0.0001276829571,0.0
1189,0.158497810364,0.283314466476,0.000125574078993,0.0
1190,0.158568456769,0.283229976892,0.00012448769121,0.0
1191,0.158511951566,0.283360034227,0.000115029695735,0.0
1192,0.157254472375,0.283381193876,0.000118086507428,0.0
1193,0.103953257203,0.194929018617,8.62403176143e-05,0.0
1194,0.145442724228,0.283289462328,0.000121292418044,0.0
1195,0.15914067626,0.283403217793,0.000112878216896,0.0
1196,0.11700835079,0.194873198867,8.30770004541e-05,0.0
1197,0.141274705529,0.283354818821,0.00011609478679,0.0
1198,0.155905157328,0.283244609833,0.000120333847008,0.0
1199,0.151066020131,0.28325971961,0.000125637991005,0.0
1200,0.136160045862,0.283242702484,0.000126703074784,0.0
1201,0.139960721135,0.283294796944,0.000124604848679,0.0
1202,0.122723482549,0.283238559961,0.000125680599012,0.0
1203,0.128438606858,0.283290535212,0.000127789477119,0.0
1204,0.140850841999,0.283320039511,0.000136224974995,0.0
1205,0.156279578805,0.28330552578,0.00013732201478,0.0
1206,0.150967121124,0.283279210329,0.000142583565321,0.0
1207,0.142850086093,0.283393919468,0.00013312556257,0.0
1208,0.145047128201,0.283273130655,0.000140581207233,0.0
1209,0.131179615855,0.283319503069,0.000135223803227,0.0
1210,0.13235232234,0.283116281033,0.000142647462781,0.0
1211,0.0839467644691,0.194907993078,0.000101140925835,0.0
1212,0.119728155434,0.283223479986,0.000138419069117,0.0
1213,0.110290057957,0.283157944679,0.000137332681334,0.0
1214,0.0813470482826,0.283336341381,0.00014588535123,0.0
1215,0.0734772607684,0.283200293779,0.000138419069117,0.0
1216,0.0736891925335,0.283320486546,0.000136320843012,0.0
1217,0.100011304021,0.283375889063,0.000153255765326,0.0
1218,0.082371391356,0.283377945423,0.000141614349559,0.0
1219,0.0567345283926,0.283367604017,0.000138429721119,0.0
1220,0.0519872233272,0.283041775227,0.000139494804898,0.0
1221,0.0931799784303,0.28316026926,0.000143723213114,0.0
1222,0.099283657968,0.283253967762,0.000142647462781,0.0
1223,0.0837489590049,0.283271193504,0.000141614349559,0.0
1224,0.06088135764,0.282975941896,0.000140549251228,0.0
1225,0.0759215578437,0.283392429352,0.000142690070788,0.0
1226,0.0717111453414,0.283261448145,0.000140591844684,0.0
1227,0.0656922385097,0.283209651709,0.000139484167448,0.0
1228,0.0586631223559,0.283334881067,0.000141593031003,0.0
1229,0.0695070400834,0.283273756504,0.000144798948895,0.0
1230,0.0349054075778,0.283249527216,0.000141593031003,0.0
1231,0.0372225418687,0.283153504133,0.000135266396683,0.0
1232,0.0354917570949,0.283308774233,0.000135266396683,0.0
1233,0.0324611105025,0.28328076005,0.000140538584674,0.0
1234,0.0312248319387,0.283261805773,0.000137385941343,0.0
1235,0.0312107037753,0.28330630064,0.000136320843012,0.0
1236,0.0282224453986,0.283243566751,0.000136310176458,0.0
1237,0.0482077486813,0.2833532691,0.000140549251228,0.0
1238,0.0499102808535,0.283281058073,0.000139526760904,0.0
1239,0.0693374946713,0.283219397068,0.000138419069117,0.0
1240,0.0719513371587,0.283270508051,0.000140581207233,0.0
1241,0.0798140615225,0.283276081085,0.000141624987009,0.0
1242,0.0790652260184,0.283304095268,0.000145832091221,0.0
1243,0.0838266685605,0.283271491528,0.000141646291013,0.0
1244,0.0527713783085,0.283392041922,0.000138429721119,0.0
1245,0.045304261148,0.283311963081,0.000137385941343,0.0
1246,0.0570594929159,0.283198177814,0.000139516108902,0.0
1247,0.0427610650659,0.28333491087,0.000140538584674,0.0
1248,0.0621670857072,0.283316999674,0.000137385941343,0.0
1249,0.0652047991753,0.28333234787,0.000143744517118,0.0
1250,0.0547918081284,0.283344060183,0.000139516108902,0.0
1251,0.0538522414863,0.28330552578,0.000138461662573,0.0
1252,0.0685109570622,0.283311635256,0.000141593031003,0.0
1253,0.0873730108142,0.283316493034,0.000140591844684,0.0
1254,0.105775885284,0.283301591873,0.000143712561112,0.0
1255,0.0938793644309,0.283380061388,0.000144809615449,0.0
1256,0.0804851874709,0.283390760422,0.000140549251228,0.0
1257,0.0796303898096,0.283331483603,0.000142690070788,0.0
1258,0.0818910077214,0.2833583951,0.000142668766784,0.0
1259,0.0715557336807,0.283343940973,0.0001395054569,0.0
1260,0.0492179654539,0.283352285624,0.000136331495014,0.0
1261,0.0446472726762,0.283298522234,0.00014057054068,0.0
1262,0.0680658966303,0.283358842134,0.000142658129334,0.0
1263,0.11380816251,0.283365160227,0.000143733865116,0.0
1264,0.0842293426394,0.283371299505,0.000142647462781,0.0
1265,0.0874719172716,0.283358901739,0.000140549251228,0.0
1266,0.122829444706,0.283364027739,0.000151210799231,0.0
1267,0.117255598307,0.283372789621,0.000143723213114,0.0
1268,0.0887859016657,0.28331798315,0.000142679433338,0.0
1269,0.0851618498564,0.283340871334,0.000140549251228,0.0
1270,0.0825409367681,0.283351451159,0.000143723213114,0.0
1271,0.029946167022,0.194941297174,0.000103303056676,0.0
1272,0.0602455586195,0.28339022398,0.000140538584674,0.0
1273,0.0764655172825,0.283400714397,0.000139516108902,0.0
1274,0.0803085714579,0.283222585917,0.00014370190911,0.0
1275,0.0949955508113,0.283371537924,0.000142679433338,0.0
1276,0.113094642758,0.283387064934,0.000148047474795,0.0
1277,0.0681436061859,0.283372819424,0.000142647462781,0.0
1278,0.0401472225785,0.283386230469,0.000138461662573,0.0
1279,0.0246902238578,0.283414393663,0.000136320843012,0.0
1280,0.0382539518178,0.283384144306,0.00014588535123,0.0
1281,0.0370459295809,0.283410340548,0.000137385941343,0.0
1282,0.040571089834,0.283417850733,0.000139526760904,0.0
1283,0.0430295132101,0.28341665864,0.000136331495014,0.0
1284,0.0709058046341,0.283401995897,0.0001395054569,0.0
1285,0.0862568318844,0.283378481865,0.000146875870996,0.0
1286,0.042414907366,0.283435165882,0.000135245092679,0.0
1287,0.0463568679988,0.283396720886,0.000136331495014,0.0
1288,0.0707362517715,0.283391207457,0.000140538584674,0.0
1289,0.0402602553368,0.283390372992,0.000137396578793,0.0
1290,0.0504683740437,0.283394485712,0.000139494804898,0.0
1291,0.0315992459655,0.283383071423,0.00014057054068,0.0
1292,0.0412210151553,0.283357173204,0.000139516108902,0.0
1293,0.043516959995,0.283385932446,0.000138440358569,0.0
1294,0.0429659336805,0.283379882574,0.000136320843012,0.0
1295,0.0323268845677,0.28338509798,0.00013737527479,0.0
1296,0.0274241622537,0.283395379782,0.000137396578793,0.0
1297,0.0272546168417,0.279168754816,0.000135266396683,0.0
1298,0.0223942808807,0.27737775445,0.000135245092679,0.0
1299,0.0242946147919,0.277644068003,0.000137364622788,0.0
1300,0.0284838285297,0.2779302001,0.000132071130793,0.0
1301,0.0225285030901,0.189730316401,9.58580785664e-05,0.0
1302,0.0231360457838,0.189982786775,9.90107437246e-05,0.0
1303,0.0207482650876,0.190212249756,9.58580785664e-05,0.0
1304,0.0300803929567,0.278916209936,0.00012808770407,0.0
1305,0.0375192500651,0.279179722071,0.000131006047013,0.0
1306,0.0307868383825,0.279400467873,0.000141561089549,0.0
1307,0.0677621215582,0.279643595219,0.000136331495014,0.0
1308,0.0817214623094,0.279989987612,0.000138461662573,0.0
1309,0.073427811265,0.280274122953,0.000138408417115,0.0
1310,0.10265339911,0.280868947506,0.000140538584674,0.0
1311,0.106157369912,0.281473219395,0.00014050664322,0.0
1312,0.0666600689292,0.28208515048,0.000135266396683,0.0
1313,0.0662008821964,0.282340198755,0.000134169356897,0.0
1314,0.0703406482935,0.282466411591,0.000137343318784,0.0
1315,0.0393136180937,0.282628595829,0.000140549251228,0.0
1316,0.0350890792906,0.282735109329,0.000135255759233,0.0
1317,0.0308009646833,0.282873541117,0.000132071130793,0.0
1318,0.0406346693635,0.28279992938,0.000134201312903,0.0
1319,0.043629989028,0.283078610897,0.000134180008899,0.0
1320,0.0491190627217,0.283270359039,0.000135255759233,0.0
1321,0.0763878077269,0.283222258091,0.000135245092679,0.0
1322,0.0740212202072,0.283404797316,0.000138461662573,0.0
1323,0.0996298193932,0.283398926258,0.000143680605106,0.0
1324,0.109696649015,0.28341153264,0.000140538584674,0.0
1325,0.0995379760861,0.283366918564,0.000136320843012,0.0
1326,0.0797010287642,0.281022071838,0.000136278235004,0.0
1327,0.0728626474738,0.280356496572,0.000137353985338,0.0
1328,0.0365019701421,0.280495017767,0.000133104273118,0.0
1329,0.0466182492673,0.280735701323,0.000132049826789,0.0
1330,0.0841869488358,0.281189054251,0.000141571726999,0.0
1331,0.0894499644637,0.278598934412,0.000134169356897,0.0
1332,0.0976023301482,0.27902841568,0.000141614349559,0.0
1333,0.100110210478,0.27338373661,0.00012993029668,0.0
1334,0.0834805071354,0.26134338975,0.000132049826789,0.0
1335,0.0622447952628,0.258589506149,0.000127746869111,0.0
1336,0.0689984038472,0.255622893572,0.000123550416902,0.0
1337,0.0757802650332,0.252643436193,0.000125616687001,0.0
1338,0.0542619749904,0.25143763423,0.000123550416902,0.0
1339,0.0366573855281,0.249929875135,0.000120344491734,0.0
1340,0.0203314628452,0.250084042549,0.000118224961625,0.0
1341,0.0404298007488,0.250277429819,0.000122474666568,0.0
1342,0.0599064677954,0.250419348478,0.000120312535728,0.0
1343,0.0548200644553,0.250544905663,0.000120355143736,0.0
1344,0.0469644106925,0.248066857457,0.000118182360893,0.0
1345,0.0461308062077,0.24561624229,0.00011609478679,0.0
1346,0.0274948049337,0.245868548751,0.000116084134788,0.0
1347,0.0206069760025,0.246130272746,0.000108628504677,0.0
1348,0.0288441162556,0.246477216482,0.000106508974568,0.0
1349,0.0350678861141,0.244801849127,0.000109650987724,0.0
1350,0.0304830670357,0.232367813587,0.000102237965621,0.0
1351,0.0220975745469,0.231378614902,9.90426924545e-05,0.0
1352,0.0220198649913,0.227342694998,0.000100097138784,0.0
1353,0.00356047856621,0.225234597921,9.58580785664e-05,0.0
1354,0.00457775825635,0.225252330303,9.58580785664e-05,0.0
1355,0.00193565699738,0.225265964866,9.58580785664e-05,0.0
1356,0.00201336573809,0.225281625986,9.4792987511e-05,0.0
1357,0.00218291231431,0.225306093693,9.79882606771e-05,0.0
